Name,Value,Unit,Notes
SolLengthSimSeconds,1200,s,"One sol = 20 real minutes at 1x; sol-hour = 50 s"
SimTickSeconds,0.1,s,Fixed timestep; presentation interpolates
SpeedTiers,0;1;3;8;60,multiplier,"Pause/1x/3x/8x agent band; 60 = era-mode ledger integrator (M1-a)"
EraModeStepSimMinutes,1,min,Ledger integration step for era mode (M1+)
CellSizeMeters,2,m,Placement grid cell
OrderLagTier0_s,45,s,Landing-state uplink lag
OrderLagTier1_s,20,s,After Lander Compute Module
OrderLagTier2_s,8,s,After manifest Compute Core
OrderLagDiegeticLabel0,11 min,label,UI fiction label for tier 0
SunriseSolHour,6,h,Solar curve start
SunsetSolHour,18,h,Solar curve end
DustFactor,1.0,factor,Clear-sky in M0; storms drive this at M1
QuotaDeadlineSol,10,sol,Soft deadline for Q1
ShipTransitSols,3,sol,Manifest confirm to touchdown
ShipAwardOnTime_kg,10000,kg,Q1 on-time manifest budget
ShipAwardLate_kg,6000,kg,Q1 late manifest budget
PilesCapacity_kg,500,kg,Dig-site pile cap
HopperCapacity_kg,200,kg,Building input hopper cap
ChargeSeekFraction,0.25,fraction,Robots break off work to seek a charge pad below this battery fraction
ChargeResumeFraction,0.90,fraction,Robots resume work above this battery fraction
WearDegradeThreshold,50,wear,Work rate degrades linearly past this
WearHaltThreshold,100,wear,Robot halts (destruction is M1+)
RepairWearPerPart,25,wear,Maintenance bot repair per spare part
StarterStruct_kg,400,kg,Lander stock
StarterSolarPacks,6,count,Lander stock
StarterBatteryPacks,2,count,Lander stock
StarterSpareParts,6,count,Lander stock
AutosaveEverySols,1,sols,"Autosave to slot 'auto' every N sol boundaries; 0 disables"
StartSolHour,6,sol-hour,"Mission clock at landing; 6 = dawn - the colony wakes with the sun (first-play readability)"
FloorHeightMeters,4,m,"Z-model (M1-b): vertical spacing between shaft floors; presentation Z = Level x this"
MaxDepth,5,floors,"Z-model (M1-b): deepest shaft floor (Level -N); data-expandable per underground spec"
RadiationSurface,1.0,factor,"M1-c: baseline surface radiation index; flares multiply exposure transiently"
RadiationPerLevelMul,0.05,factor,"M1-c: per-floor attenuation - each level down multiplies radiation by this (overburden is free shielding)"
StormWearMul,2.0,factor,"Director ruling 2026-07-07b: robots working through a dust storm wear at this multiple; shelter (warehouse) arrives M2"
ShaftSpoilKgPerFloor,1200,kg,"M1-d Gate A: regolith spoil emitted per floor the shaft trunk is bored down (the bore column itself)"
SpoilKgPerCell,1200,kg,"M1-d Gate A: regolith spoil per 10x10 cell carved on a floor (underground proposal §2; ~= the Struct to build the floor out)"
O2FillKgPerCell,100,kg,"M1-d Gate B: oxygen mass to pressurize one carved 10x10 cell (~2 sols of one Electrolyzer); scales the habitability cost with ambition"
O2LeakKgPerCellPerSol,2,kg,"M1-d Gate B: standing leakage per pressurized cell per sol - the tax of living in what you dug; a dry O2 pool drains the floor loudly"
O2FillRateKgPerHour,20,kg,"M1-d Gate B: trunk push rate per floor per sol-hour while a powered circulator runs"
MinLivableCells,4,cells,"Director ruling 2026-07-07f: minimum carved cells for a floor to certify Livable and fire the Phase-1 exit; a single sealed room is a pocket, not a vault"
ColonistsPerCell,1,beds,"M2 Gate A: certified beds per carved cell on a rated floor"
ColonistO2KgPerSol,0.75,kg,"M2 Gate A: breathing draw per colonist against the home floor's O2 fill (~0.84 kg/day hard-sci anchor, sol-scaled)"
ColonistFoodKgPerSol,0.62,kg,"M2 Gate A: pooled Food draw per colonist per sol"
CrewPodColonists,4,people,"M2 Gate A: colonists per CrewPod cargo item"
CrewPodFoodKg,200,kg,"M2 Gate A: provisions landed with each pod (~40 sols for 4 - the clock that makes the Gate-C garden urgent)"
ColonistEvacSols,2,sols,"M2 Gate A: sustained unsupported time before a colonist is evacuated to orbit (abstract, prevention-framed; wording reviewed Gate D)"
HopeBase,50,points,"M2 Gate B: the Hope index baseline - a colony neither thriving nor failing (brief §5)"
HopeHousingMax,15,points,"M2 Gate B: max Hope from housing quality - full when LivingQuarters cells >= population, proportional below"
HopePerMoralePoint,5,points,"M2 Gate B: Hope per MoraleWeight point for each functioning room type per rated floor (Living excluded - housing covers it)"
HopePerJob,3,points,"M2 Gate B: Hope per colonist holding a job seat (one seat per Lab/Workstation cell)"
HopeAdjacencyPenalty,8,points,"M2 Gate B: Hope lost per offended room pair - an emitter within 2 cells of a refuser, unpartitioned (habitat vision §4)"
HopeUnsupportedPenalty,10,points,"M2 Gate B: Hope lost per currently-unsupported colonist"
HopeVaultMilestone,5,points,"M2 Gate B: milestone Hope for holding the Phase-1 vault rating (brief §5 momentum component)"
GardenSoilKgPerCell,250,kg,"M2 Gate C: Earth soil emplaced per Garden cell at planting (one SoilPallet fills 4 cells)"
GardenSeedsKgPerCell,50,kg,"M2 Gate C: seed mass sown per Garden cell (one SeedVault plants 4 cells)"
GardenFoodKgPerSolPerCell,1.0,kg,"M2 Gate C: Food yield per planted cell per sol on a rated floor (3 cells ~ break-even for a 4-colonist pod)"
GardenWaterKgPerSolPerCell,4.0,kg,"M2 Gate C: Water draw per producing cell per sol - the garden is the colony's standing ISRU demand"
LuxuryKgPerColonistPerSol,0.2,kg,"M2 Gate D (abstract): comforts consumed per colonist per sol when stocked - one LuxuryGoods crate ~ 375 colonist-sols"
HopeLuxuryBonus,8,points,"M2 Gate D (abstract): Hope lift at full comforts supply, scaled by the supplied fraction; pure bonus - absence never penalizes (prevention framing)"
HopeSmoothTauSols,3,sols,"M2 Gate D+: Hope low-pass time constant - the colony's mood catches up to the instantaneous index over ~this many sols (exp smoother, band-parity-safe)"
HopeTempoSlope,0.006,per-point,"M2 Gate D+: human work-tempo gain per Hope point off 50 (Hope 50=1.00x, 90=1.24x, 20=0.82x); applies to colonist labor only, robots immune"
HopeTempoMin,0.60,multiplier,"M2 Gate D+: work-tempo FLOOR - a strained colony is slow, never dead (death-spiral guardrail, mental-health directive)"
HopeTempoMax,1.25,multiplier,"M2 Gate D+: work-tempo ceiling - a flourishing crew's upside"
HopeFailingEnter,20,points,"M2 Gate D+: smoothed Hope falls to FAILING band below this (down-threshold of the Failing|Strained edge)"
HopeStrainedEnter,28,points,"M2 Gate D+: smoothed Hope rises to STRAINED above this (up-threshold; 8-pt hysteresis gap vs HopeFailingEnter)"
HopeStrainedExit,35,points,"M2 Gate D+: smoothed Hope falls to STRAINED below this (down-threshold of the Strained|Steady edge)"
HopeSteadyEnter,45,points,"M2 Gate D+: smoothed Hope rises to STEADY above this (up-threshold; 10-pt hysteresis)"
HopeThrivingExit,70,points,"M2 Gate D+: smoothed Hope falls out of THRIVING below this"
HopeThrivingEnter,75,points,"M2 Gate D+: smoothed Hope rises to THRIVING above this (5-pt hysteresis)"
HopeFlourishingExit,85,points,"M2 Gate D+: smoothed Hope falls out of FLOURISHING below this"
HopeFlourishingEnter,90,points,"M2 Gate D+: smoothed Hope rises to FLOURISHING above this (the discovery/growth band, 5-pt hysteresis)"
GardenGrowLightWPerCell,60,W,"M2 Gate D+ garden fork: grow-light power draw per planted GARDEN cell, debited from the battery each step; if the bank cannot pay, the cell goes dark (dormant, not dead) - grow crops cost energy, plan the grid before settlers"
GreenhouseGlassKgPerCell,200,kg,"M2 Gate D+ garden fork: Glass consumed to plant one Greenhouse cell (one GlassCrate glazes 2 cells)"
GreenhouseMinLevel,-1,level,"M2 Gate D+ garden fork: a Greenhouse gets sunlight only on floors at or above this level (-1 = shallowest carved); deeper greenhouses sit dark"
ColonistWaterKgPerSol,2.0,kg,"M2 Gate D+ water loop: potable-water draw per colonist per sol; joins the life-support contract (no water = unsupported, same abstract evac path as air/food)"
GreywaterReturnFraction,0.85,fraction,"M2 Gate D+ water loop: fraction of a colonist water draw reclaimed back to the pool by recycling - stretches supply, but the reclaimed water degrades potability"
WaterPotabilityDecayPerSol,0.08,per-sol,"M2 Gate D+ water loop: potability lost per sol while a crew recycles (you can drink filtered greywater only so many times)"
WaterPotabilityRestorePerKg,0.0008,per-kg,"M2 Gate D+ water loop: potability restored per kg of FRESH ice-melt water entering the pool (linear = era-parity-safe); makes ice-cap drilling the standing imperative"
WaterPotabilityFloor,0.6,fraction,"M2 Gate D+ water loop: below this potability the crew takes a Hope penalty (grim recycled water saps morale) - the first scarcity-driven Hope input"
HopeWaterPenalty,12,points,"M2 Gate D+ water loop: max Hope lost at zero potability, scaled by how far below the floor (prevention-framed morale pressure, not a death spiral)"
HopeGrowthThreshold,75,points,"M2 Gate D+ generational carrot: smoothed Hope at/above this (the THRIVING band) lets the colony grow - births are earned by sustained flourishing"
HopeGrowthIntervalSols,20,sols,"M2 Gate D+ generational carrot: sustained eligible sols per new colonist (a birth); the streak resets if conditions lapse - momentum is earned, not banked"
HopeGrowthFoodBufferSols,6,sols,"M2 Gate D+ generational carrot: required Food buffer (in sols of colony draw) before the colony will grow - you do not birth into a famine"
HopeFirstBornMilestone,6,points,"M2 Gate D+ generational carrot: one-time Hope bonus once the FIRST Martian-born child arrives (never retracts) - the brief milestone + M3 identity-axis seed"
HopeDiscoveryThreshold,85,points,"M2 Gate D+ discoveries: smoothed Hope at/above this lets staffed Labs accrue research seat-hours toward the next ordered discovery - breakthroughs are earned by sustained flourishing, not a grind"
ConvoySpeedKmPerSol,60,km,"M3 Gate A: rover convoy speed under clear sky; an active dust storm FREEZES transit (brief: routes disrupted by storms)"
ConvoyH2PerRun,8,kg,"M3 Gate A: hydrogen burned per convoy round trip, committed at departure (the Borer batch pattern) - trade runs on the fuel economy"
ConvoyWearParts,1,parts,"M3 Gate A: SpareParts consumed per convoy round trip (vehicle wear, the director's trek cost) - committed at departure"
RelationPerRun,2,points,"M3 Gate A: relation warmed per completed convoy run (0..100 per rival) - the dependency scalar the Solidarity Dilemma later leverages"
EarthTensionStart,0,points,"M3 Gate B: opening Earth-tension (0..100). Rises with off-screen conflict; the pressure behind the Solidarity Dilemma"
EarthTensionDriftPerSol,0.6,points,"M3 Gate B: background tension rise per sol once you have neighbors - Earth grows uneasy as Mars connects to itself"
EarthTensionDemandThreshold,60,points,"M3 Gate B: tension at/above this generates a demand from your sponsor nation (the hook Gate C resolves via Comply/Defy)"
IdentityAxisStart,0,points,"M3 Gate B: the Earth-Aligned(-100) .. Martian-Identity(+100) axis; 0 = a loyal corporate colony. Comply/Defy (Gate C) move it; it gates the endings"
RequisitionEarthBonus,0.4,fraction,"M3 Gate B: at full Earth-alignment, supply-ship awards are this fraction LARGER (loyalty is rewarded)"
RequisitionMartianPenalty,0.6,fraction,"M3 Gate B: at full Martian-identity, Earth awards shrink by this fraction (toward denied requisitions)"
RequisitionTensionPenalty,0.3,fraction,"M3 Gate B: at full Earth-tension, awards shrink by this fraction (Earth hoards during a crisis)"
